threshold,accuracy,precision,recall,f1_score
0.3,0.49242252883962906,0.27959882583170254,0.9605042016806723,0.43311860553239867
0.4,0.5205270300836915,0.28739714161974883,0.9294117647058824,0.4390340721137942
0.5,0.5719294277312825,0.3034977402240126,0.8652661064425771,0.4493744544661042
0.6,0.7457023297896404,0.37013168954889325,0.3700280112044818,0.3700798431152822
0.7,0.7980095001130966,0.42857142857142855,0.0016806722689075631,0.0033482142857142855
